{"currencies_and_formats":{"decimal":".","group":",","template":"{symbol} {amount} {currencyCode}","fractionDigits":2,"hideDecimalForWholeNumbers":false,"currencies":[{"currencyCode":"usd","symbol":"$"}]},"css":{"main-font":"Open Sans,sans-serif","heading-font":"Montserrat,sans-serif","bgColor-alt":"#f7f7f8","bgColor-badge":"#fff","bgColor-buttonDanger-active":"#fceae8","bgColor-buttonDanger-focus":"#fceae8","bgColor-buttonDanger-hover":"#fdefed","bgColor-buttonPrimary":"#1a4db3","bgColor-buttonPrimary-active":"#1a4db3","bgColor-buttonPrimary-focus":"#1a4db3","bgColor-buttonPrimary-hover":"#0d59f2","bgColor-buttonSecondary-active":"#e7f6fe","bgColor-buttonSecondary-focus":"#ecf8fe","bgColor-buttonSecondary-hover":"#ecf8fe","bgColor-default":"#fff","bgColor-input":"#fff","bgColor-input-checked":"#0aa7f5","bgColor-input-disabled":"#f1f2f4","bgColor-input-focus":"#fff","bgColor-input-hover":"#fff","bgColor-link":"transparent","bgColor-link-focus":"#d9f0fc","bgColor-modal":"#f1f2f4","borderColor-badge":"transparent","borderColor-badge-active":"transparent","borderColor-badge-disabled":"#e3e6e8","borderColor-buttonDanger":"transparent","borderColor-buttonDanger-active":"currentColor","borderColor-buttonDanger-disabled":"transparent","borderColor-buttonDanger-error":"transparent","borderColor-buttonDanger-focus":"transparent","borderColor-buttonDanger-hover":"transparent","borderColor-buttonDanger-success":"transparent","borderColor-buttonPrimary":"transparent","borderColor-buttonPrimary-active":"currentColor","borderColor-buttonPrimary-disabled":"transparent","borderColor-buttonPrimary-error":"currentColor","borderColor-buttonPrimary-focus":"transparent","borderColor-buttonPrimary-hover":"transparent","borderColor-buttonPrimary-success":"currentColor","borderColor-buttonSecondary":"transparent","borderColor-buttonSecondary-active":"currentColor","borderColor-buttonSecondary-disabled":"transparent","borderColor-buttonSecondary-error":"transparent","borderColor-buttonSecondary-focus":"transparent","borderColor-buttonSecondary-hover":"transparent","borderColor-buttonSecondary-success":"transparent","borderColor-default":"#e3e6e8","borderColor-input":"#e3e6e8","borderColor-input-checked":"#0aa7f5","borderColor-input-disabled":"#e3e6e8","borderColor-input-error":"#e85a4a","borderColor-input-focus":"#0aa7f5","borderColor-input-hover":"#0aa7f5","borderColor-link":"currentColor","borderColor-link-active":"currentColor","borderColor-link-focus":"currentColor","borderColor-link-hover":"currentColor","borderColor-success":"currentColor","color-alt":"#8f99a3","color-badge":"#0d59f2","color-badge-active":"#0d59f2","color-badge-disabled":"#2e3338","color-buttonDanger":"#9e2215","color-buttonDanger-active":"#9e2215","color-buttonDanger-disabled":"#8f99a3","color-buttonDanger-error":"#e85a4a","color-buttonDanger-focus":"#9e2215","color-buttonDanger-hover":"#e85a4a","color-buttonDanger-success":"#29c768","color-buttonPrimary":"#fff","color-buttonPrimary-active":"#fff","color-buttonPrimary-disabled":"#e3e6e8","color-buttonPrimary-error":"#fff","color-buttonPrimary-focus":"#fff","color-buttonPrimary-hover":"#fff","color-buttonPrimary-success":"#fff","color-buttonSecondary":"#133986","color-buttonSecondary-active":"#133986","color-buttonSecondary-disabled":"#8f99a3","color-buttonSecondary-error":"#e85a4a","color-buttonSecondary-focus":"#133986","color-buttonSecondary-hover":"#1a4db3","color-buttonSecondary-success":"#29c768","color-default":"#2e3338","color-error":"#e85a4a","color-input":"#2e3338","color-input-checked":"#fff","color-input-disabled":"#8f99a3","color-input-error":"#9e2215","color-input-focus":"#2e3338","color-input-hover":"#2e3338","color-inputIcon":"#8f99a3","color-inputLabel":"#2e3338","color-link":"#1a4db3","color-link-active":"#1a4db3","color-link-focus":"#1a4db3","color-link-hover":"#0d59f2","color-success":"#29c768"}}