{"i70476e8e":{"url":"/assets/images/cohort-six.jpeg","alt":""},"i2be3e054":{"url":"/assets/images/cohort-nine-small.jpeg","alt":""},"i2d7f87f1":{"url":"/assets/images/placeholder.svg","alt":""},"ae029fb":{"url":"/assets/images/square-five.jpg","alt":""},"3c8489ea":{"url":"/assets/images/square-seven.jpg","alt":""},"3e6aa729":{"url":"/assets/images/square-two.jpg","alt":""},"i6d82816":{"url":"/assets/images/cohort-twentysix-1.jpg","alt":""},"i3877afd":{"url":"/assets/images/cohort-thirtytwo-1.jpg","alt":""},"i1f274b57":{"url":"/assets/images/cohort-thirtynine-1.jpg","alt":""},"-27415156":{"url":"/assets/images/goclasslogowide.svg","alt":""},"-6e962729":{"url":"/assets/images/shopping-bag24x242x.svg","alt":""},"f144aa":{"url":"/assets/images/arrow-left-filled24x242x.svg","alt":""},"-3f6b1309":{"url":"/assets/images/menu-3-filled-24x242x.svg","alt":""},"-1f274b57":{"url":"/assets/images/cohort-thirtynine-1.jpg","alt":""},"-7a137814":{"url":"/assets/images/cohort-sixtythree-1.jpg","alt":""},"1fa5547a":{"url":"/assets/images/square-ten.jpg","alt":""},"-24ee838c":{"url":"/assets/images/cohort-sixtyone-1.jpg","alt":""},"730b8f0":{"url":"/assets/images/cohort-fourtysix-1.jpg","alt":""},"-2b132f9f":{"url":"/assets/images/cohort-fourty-four-1.jpg","alt":""},"2602f643":{"url":"/assets/images/square-one.jpg","alt":""},"-53bf3694":{"url":"/assets/images/square-eight.jpg","alt":""},"52100ce2":{"url":"/assets/images/square-twelve.jpg","alt":""},"3e29d626":{"url":"/assets/images/cohort-sixtyfour-1.jpg","alt":""},"3c42cbfb":{"url":"/assets/images/square-nine.jpg","alt":""},"32b9a00":{"url":"/assets/images/cohort-sixty-1.jpg","alt":""},"-2be3e054":{"url":"/assets/images/cohort-nine-small.jpeg","alt":""},"14c85083":{"url":"/assets/images/arrow-right-filled24x242x.svg","alt":""},"-2d89d0b4":{"url":"/assets/images/arrow-right-filled24x242x-light.svg","alt":""},"4a873a9a":{"url":"/assets/images/chevron-right-filled24x242x-2.svg","alt":""},"3fcae3e0":{"url":"/assets/images/play-6-filled24x242x-1.svg","alt":""},"-20a5eb82":{"url":"/assets/images/chevron-right-filled24x242x-light.svg","alt":""},"-de09941":{"url":"/assets/images/square-six.jpg","alt":""},"4747e66f":{"url":"/assets/images/square-four.jpg","alt":""},"-2c0b2b0e":{"url":"/assets/images/add24x242x-2.svg","alt":""},"5f39759d":{"url":"/assets/images/cohort-thirtyone-1.jpg","alt":""},"4abef31c":{"url":"https://d3e54v103j8qbb.cloudfront.net/static/utility-lock.ae54711958.svg","alt":""},"-2b1beb3c":{"url":"https://d3e54v103j8qbb.cloudfront.net/static/page-not-found.211a85e40c.svg","alt":""},"57d86f6a":{"url":"/assets/images/arrow-down-filled24x242x-dark.svg","alt":""},"1c687f00":{"url":"/assets/images/cohort-fourty-1.jpg","alt":""},"-29b3e0b4":{"url":"/assets/images/cohort-thirteen-1.jpg","alt":""},"47af6706":{"url":"/assets/images/cohort-twenty-seven-1.jpg","alt":""},"-3877afd":{"url":"/assets/images/cohort-thirtytwo-1.jpg","alt":""},"6dad86da":{"url":"/assets/images/cohort-fourtytwo-1.jpg","alt":""},"-2f91888c":{"url":"/assets/images/cohort-fourtyone-1.jpg","alt":""},"-23fcca85":{"url":"https://uploads-ssl.webflow.com/630a46b33591b5d49f6df4b8/630a46b33591b56b8a6df54c_chevron-down---filled(24x24)%402x.svg","alt":""},"-2d7f87f1":{"url":"/assets/images/placeholder.svg","alt":"Placeholder"},"317f733b":{"url":"https://d3e54v103j8qbb.cloudfront.net/plugins/Basic/assets/placeholder.60f9b1840c.svg","alt":""}}