{"23":"#","17831110":"https://www.finsweet.com/client-first/","4ab7d00f":"/cohorts","634882d6":"/resources","55b8e8be":"/about","-5c364340":"/support","2f":"/","5032f721":"/#/checkout","-47ab9f16":"https://tylers-superb-site-af3411.webflow.io/cohorts","-6f6710f3":"https://goclass.webflow.io/teachers/yemi-musa","-36b138a4":"/assets/posts/designers-who-changed-the-web.","fb8eb54":"/assets/product/build-and-use-a-design-system.","5e2bf2ff":"/assets/teachers/aisha-bashar.","3d0bd5eb":"https://twitter.com/Tycreated","-7dd6e181":"/client-first-page","56000b0":"#scroll","-44b79539":"https://www.finsweet.com/attributes/","49f972a8":"https://www.finsweet.com/client-first/docs/intro","4269b238":"#video","-6bd4518b":"/checkout","-740f2794":"https://client-first.webflow.io/","499802e4":"http://youtube.com"}