{"170054":"100%","12901295":"Learn from a well crafted curriculum","13998450":"You'll be able to work on real-world projects and get feedback from your peers and instructors.","15359669":"Something went wrong when adding this cohort.","-6466d502":"Cohorts","13ede05":"Resources","3c2336d":"About","-b54e851":"Support","-3055b6cc":"Need help?","-8763105":"Find a cohort","7fb4e831":"Your Cohorts","-76f396dc":"Subtotal","-7941186e":"Continue to Checkout","14d3195c":"You haven’t selected a","83fff09":"cohort to enroll in.","-23060b83":"Get certified","-4c576c49":"for the roles","-2d1c968f":"you want","-31e7e45d":"By the end of our cohorts, you'll be able to use your new skills to solve real-world problems.","-52aa86be":"Learn with","-23865d70":"live micro","32e13826":"classes","-5a145a84":"Our class sizes are limited to fifteen students, so each student gets the attention they deserve.","317f4acc":"Use your new","35b865db":"skills in real","-3b86e786":"projects","-4f20d13e":"Learn with your peers","273979bd":"With our cohort ","-7826f5f7":"Aisha  Bashar","738d7102":" set up, you'll learn in live micro classes with a curriculum ","-3d42ea92":"Yemi Musa","46644b92":" that focuses on learn-by-doing with ","-706c4304":"Cam Wontan","-2b3d4863":" peers.","6d0b93f5":"For professionals","-61f7e6a4":"Get certified for the roles want","106f7eb2":"We know that you don't want to spend years in school learning new creative skills. That's why we've created an online UX/UI Bootcamp that will teach you new skills in just a few weeks.","-39b2aca1":"FOR TEAMS","410abdb0":"Level up your teams skills","57b81129":"Our cohorts for businesses take a learn-by-doing approach, with designers collaborating live in the latest real-time design tools. You're team gets step-by-step instructions, and can ask questions and get feedback weekly.","610c4f7f":"For teams","-31d907ba":"Discover a new way to learn","-282b20e9":"You'll get one-on-one attention from our amazing teachers and you can learn with people from all over the globe.","-315b2d3c":"View all cohorts","4ba36db0":"View cohort","3d503d2b":"No items found.","-7ad2cafc":"Learn by creating with your peers","-78722a32":"We believe in learn-by-doing, so we offer interactive projects that teach you how to design and collaborate with your peers.","413c2da8":"Perfect success rate with alumni","148d3e61":"Our approach is hands-on and fun in each cohort, and we have a 100% completion rate with 5/5 reviews from all of our alumni.","ffde57f":"Join our 500+ alumni today","6fecbea0":"We're on a mission to help new and experienced designers transform their skills - so they can share their ideas with the world.","4051c68d":"Learn about us","-652fbd0":"Get live feedback from your class","34c15ccc":"You'll get step-by-step instructions from start to finish, and you can ask questions and get feedback from our community of designers.","-37ce7da":"Track your growth and performance","bc2604e":"You’ll be able to work on projects that matter to you and see your skills improve every step of the way. You don’t need prior experience.","1590c3d4":"Testimonials","d432466":"See why our cohorts are loved by our alumni","464fef47":"We have a 100% completion rate with 5/5 reviews from all of our alumni.","-7318b565":"Frequent questions","-3b5a52c4":"You have questions and we have answers","-5daaa9c8":"Lorem ipsum dolor sit amet, consectetur adipiscing elit pendisse varius enim.","3f1848c1":"It was so helpful to be able to discuss design concepts with other people who were also passionate about design.","-90c9733":", Google","3b3d45a5":"I love that I was able to present my work to a team of credible designers and get live feedback.","6df93a61":"Aisha Bashar","629dac82":", DesignStation","4c1203fb":"With my cohort, I learned how to create custom website experiences that got me a job at a new startup.","3653ce36":"Roger Creighton","60e0b658":", Airtable","-54147ff1":"I loved connecting with a supportive group of peers to learn with. I especially loved my design teachers!","189166a7":"Jayla Carson","51f5d646":", Apple","55d4811f":"I was online with my fellow cohort members for hours every day, learning about the course material and discussing it with them.","-b5cffdc":", Spotify\n                            ","-375bf336":"It was a great experience, and I'm so glad I did it. I would recommend it to anyone who wants to learn online.","35f53fd6":"Raya Dashford","-757ddcf5":", Twitter\n                            ","5e670965":"I loved getting to know my classmates and teachers. Each cohort was incredibly helpful and super fun!","-66cec70":"Shay Radson","3933e53c":", webflow\n                            ","289cd9dc":"The GoClass teachers were great at teaching us how to create beautiful and effective websites.","-36bd22b3":"Taylor Waham","-41a7d9f7":", Zapier\n                            ","-70beddda":"Get to know","4fd65725":"our teachers","-2d991f2d":"All of our classes are taught by teachers who will help you every step of the way.","2b3022f":"Learn for free.","2fbefc66":"Access the minds of our teachers and read what they have to say about their industry and related topics.","6dc50836":"View our resources","-417ccea0":"Our team of credible teachers can give you the support you need.","-1d132ec5":"How many projects do we get?","-2069b67b":"You'll receive seven projects throughout the duration of your cohort. Each project is reviewed by a teacher and presented to your classmates.","1c0db873":"What happens after I enroll?","-7b761d1d":"After you enroll in your cohort, you'll receive an email with an orientation package.","db36fc":"Can I take more than one cohort at once?","-6f1c18ae":"Each cohort will take five to ten hours of your time each week to complete the live classes and homework.","-7cd2ee47":"How will I meet my classmates?","-3d563ec8":"In your orientation package, you'll receive access to a class chat in slack where you can talk to all of your classmates and teachers.","71f57d67":"How many students in a cohort?","3ec45677":"Each cohort will have a group of 15 students per class. This allows our teachers to give you the attention you need to learn best.","64489a7f":"Is GoClass a real company?","-277d2f8c":"Nope, but it's a super-duper cool free website template for everyone on earth to use.","578267e5":"How time intensive are each cohort class?","-6b07e10e":"Each cohort will take five to ten hours of your time every week to complete the live classes and homework.","7ab8e046":"Do you offer any guarantees?","38d75705":"Yes, you can receive a full refund up until your cohorts first class begins.","-585ca68e":"Learn with us.","-290a6c82":"By the end of our cohorts, you'll be able to create beautiful designs that solve real problems. You can do it all from the comfort of your own home.","-1a2819cc":"Navigation","2268ff":"Home","667ac172":"Resource Post","-7f7c1615":"Cohort Post","190a25e":"Teacher Post","7dc227d1":"Follow","792b2792":"Instagram","281bc303":"Youtube","2c9a4253":"Twitter","-6aaf5b06":"TikTok","35b71665":"© 2022 GOCLASS","44ed8977":"Made with  ❤️  for the webflow community ","4cf5967":"Terms","5079bb68":"Privacy","-11d4bbff":"Protected Page","-f5c4b5f":"Incorrect password. Please try again.","-40b0787c":"Page Not Found","556d64d8":"The page you are looking for doesn't exist or has been moved","6b29b517":"Go Home","-74806c06":"Learn skills from the best teachers on the web","2daee30b":"You don't have to be in a certain city to get a great education from the best teachers in the world.","4913ca77":"We've grown into a team of eight teachers since the beginning of 2020.","-59df1ce0":"You can become a great designer without ever having to leave your home or office. We're remote, bootstrapped, and on a mission to help new and experienced designers transform their presentations for work or school.","-3cd5843b":"We're on a mission to help designers transform their careers.","-61143d9f":"We believe in learn-by-doing, so we offer online Bootcamps that teach you how to design and collaborate live in the latest real-time design tools. Our approach is hands-on and fun, and we have a 100% completion rate with 5/5 reviews from all of our alumni.","-2bf5ee9c":"Our virtual classrooms are just like the traditional classroom setting, but with one major difference - you can learn from anywhere in the world. That means no more expensive rent prices or long commutes. Plus, our class sizes are limited to fifteen students, so each student gets the personal attention they deserve.","19dd74":"799+","73ac29b8":"Students","568fbffc":"Completion","dc8f":"95+","-37ee456c":"Countries","ccdb":"5/5","58453ca6":"Avg Review","5a80df3f":"\"With GoClass, you'll get an affordable education that's on par with the most prestigious schools in the world.\"","-2bdaea8":"Founder of GOCLASS","-64fef6d":"Find a cohort.","-78e5c938":"All of our classes are taught by professionals who will help you every step of the way.","-7b7144b8":"This cloneable is using Finsweet's ","-478e54f2":"Client-first Webflow style system","1f0b149":" and ","7d35d692":"Finsweet Attributes","-7d06d724":"This project contains a style guide page with the pre-built classes that come with the Client-first style system.","-48259ec2":"Learn how to take advantage of Client-first ","2f223b":"docs","2e":".","-71eb7c92":"Learn from the best minds","-42fe65f4":"You don’t need any prior experience – we’ve got you covered. So what are you waiting for? Find a cohort below!","-1cecfa22":"First...","7b0827e3":"Whether you want to learn how to design, get more earned media, or play the guitar, there's probably an online class for that.","-2eb00985":"Next...","-1db4a1ea":"Choose a date","2975f7e":"There are online courses offered year-round, so you'll need to decide which time of year works best for you to start learning.","12c56b11":"Then...","1e18293c":"Start learning","10d2d4b9":"Start your new online learning journey and introduce yourself to your fellow online classmates and teachers.","7b9f5cc9":"/ per person","4d52f8fa":"Meet the teacher","7885c2b0":"Let's continue learning...","2af0d2cc":"See what our teachers have to say about important topics in their industry.","bda6cf9":"View all posts","-d78b7b2":"Featured","-15e657cf":"Dropdown","71bb9a1c":"Buy now","7aaa2dac":"This product is out of stock.","-1c765d0d":"Product is not available in this quantity.","2c":",","3c22785b":"Curriculum","-753fe47c":"About this cohort","-52aefc2f":"Learn more","662db5c2":"Next Cohort","-61e6b4a7":"Upcoming cohort","7cb28da1":"My story","-2fae8e04":"Past positions","6e21a3d5":"Next teacher","6ca910bb":"Deep dive in our topics","-517569e7":"Access the minds of our teachers and see what they're thinking about.","-7aba473":"Style Guide","507fb359":"Client-First Version 1.0","391be0c":"HTML Heading Tags","8e9":"H1","1108a7df":"Sample text is being used as a placeholder.","8ea":"H2","-6c11f3e4":"Sample text is being used as a placeholder as real text.","8eb":"H3","785897ae":"Sample text helps you understand how real text may look on your website.","8ec":"H4","-5fcdceac":"Sample text is being used as a placeholder for real text that is normally present. Sample text helps you understand how real text may look.","8ed":"H5","ff56e0c":"Sample text is being used as a placeholder for real text that is normally present. Sample text helps you understand how real text may look on your website. Sample text is being used as a placeholder for real text.","8ee":"H6","667d63e4":"Sample text is being used as a placeholder for real text that is normally present. Sample text helps you understand how real text may look on your website. Sample text is being used as a placeholder for real text that is normally present.","6647fc8":"Heading Classes","-3e113412":"heading-xlarge","-2bf8bc50":"heading-large","-5137ea60":"heading-medium","-2b90e284":"heading-small","-3da95a46":"heading-xsmall","e88725e":"Other HTML Tags","5cba4ce4":"All Paragraphs","47b903a":"All Links","-6bd79eea":"All Quotes","-77cc77cd":"Text Classes","-4527a10f":"text-size-large ","-4340bddf":"text-size-medium","-1c283d90":"text-size-regular","-75702325":"text-size-small","-6f243f54":"text-size-tiny","-613aa0e9":"text-style-strikethrough","-1e09a194":"text-style-italic","-5b95aa51":"text-style-muted","-576c60ba":"text-style-allcaps","-15bdc639":"text-style-nowrap","4f9fb336":"text-style-link","-5b5d5d40":"text-style-quote","-7c513db7":"text-style-2lines","-7a9c6518":"text-style-3lines","-18a479d9":"Sample text is being used as a placeholder for real text that is normally present. Sample text helps you understand how real text may look on your website. Sample text is being used as a placeholder for real text.dolor sit amet,","-6156a2f8":"Text Weights","-6542b3f8":"text-weight-xbold","704ee01a":"text-weight-bold","-399389f8":"text-weight-semibold","-55b3dc36":"text-weight-medium","-536baec4":"text-weight-normal","-65e8bddf":"text-weight-light","-4799cc3d":"Text Alignments","91bde6f":"text-align-left","224610bd":"text-align-center","1ab650b4":"text-align-right","-1c74483d":"Text Colors","-6bdd4457":"text-color-grey","-1014878b":"text-color-black","41b289f1":"Rich Text","6af22973":"Heading 1","6af22974":"Heading 2","6af22975":"Heading 3","6af22976":"Heading 4","6af22977":"Heading 5","6af22978":"Heading 6","730b2c2f":"The rich text element allows you to create and format headings,","200d":"‍","5443dd2d":"This is a link","-395a7a8d":"This is a placeholder image.","-4b21e982":"Color Palette","5075a5e2":"Primary","46b69154":"Secondary","-7487e150":"Text Color","-3a24075d":"Background1","-3a24075c":"Background2","-729db07d":"Others","719b5761":"Buttons","-521dd8ce":"button","-188a5b67":"button-secondary","-6b9f1118":"button-text","-3a24071b":"Backgrounds","-2729fc34":"Icons Sizes","-7484862a":"Icons 1x1 Sizes","-143b2875":"Social Media Icons","-7c9906eb":"Webflow Elements","2424be":"List","-6aeb2b17":"Sample text is being used as a placeholder for real text that is normally present.","2180e4":"Form","-7433b8e9":"Text Input","360b43a0":"Text Area","2b9f90f6":"Select field","57f3b1cc":"Select one...","-491b32af":"First Choice","3c4172cd":"Second Choice","-1b351146":"Third Choice","-70558183":"Checkbox field","5f757fe3":"Checkbox","739c6f17":"Radio button","4b123db":"Radio","5a0ea5a1":"Thank you! Your submission has been received!","-7c112e99":"Oops! Something went wrong while submitting the form.","759298d7":"Send us a","38eb0007":"message","422f495a":"Fill out the form below and we'll get back to you within 48 hours.","-7f5eee50":"Thank you! Your message has been received!","-1df83b8d":"Contacts","54e721ad":"Customer support","-18520d22":"support@template.com","3dd54ce8":"Press inquiries","24baaaea":"press@template.com","17b372c2":"Join the team","-7f71dcc4":"hiring@template.com"}